id;rang;sex;age;type;familyStatus;age0;entrance;year_0;year_1;year_2;year_3;year_4;year_5;year_6;year_7;year_8;year_9;year_10;year_11;year_12;year_13;year_14;year_15;year_16;year_17;year_18;year_19;year_20;year_21;year_22;year_23;year_24;year_25;year_26;year_27;year_28;year_29;year_30;year_31;year_32;year_33;year_34;year_35;year_36;year_37;year_38;year_39;year_40;year_41;year_42;year_43;year_44;year_45;year_46;year_47;year_48;year_49;year_50;year_51;year_52;year_53;year_54;year_55;year_56;year_57;year_58;year_59
id301;1;female;131;widow;not married;72;0;0;0,0;0,0;0,0;0,0;0,0;0,0;0,0;0,0;0,0;0,0;0,0;0,0;0,0;0,0;0,0;0,0;0,0;0,0;0,0;0,0;0,0;0,0;0,0;0,0;0,0;0,0;0,0;0,0;0,0;0,0;0,0;0,0;0,0;0,0;0,0;0,0;0,0;0,0;0,0;0,0;0,0;0,0;0,0;0,0;0,0;0,0;0,0;0,0;0,0;0,0;0,0;0,0;0,0;0,0;0,0;0,0;0,0;0,0;0,0
id302;1;female;130;widow;not married;71;0;0;0,0;0,0;0,0;0,0;0,0;0,0;0,0;0,0;0,0;0,0;0,0;0,0;0,0;0,0;0,0;0,0;0,0;0,0;0,0;0,0;0,0;0,0;0,0;0,0;0,0;0,0;0,0;0,0;0,0;0,0;0,0;0,0;0,0;0,0;0,0;0,0;0,0;0,0;0,0;0,0;0,0;0,0;0,0;0,0;0,0;0,0;0,0;0,0;0,0;0,0;0,0;0,0;0,0;0,0;0,0;0,0;0,0;0,0;0,0
id303;1;female;127;widow;not married;68;0;0;0,0;0,0;0,0;0,0;0,0;0,0;0,0;0,0;0,0;0,0;0,0;0,0;0,0;0,0;0,0;0,0;0,0;0,0;0,0;0,0;0,0;0,0;0,0;0,0;0,0;0,0;0,0;0,0;0,0;0,0;0,0;0,0;0,0;0,0;0,0;0,0;0,0;0,0;0,0;0,0;0,0;0,0;0,0;0,0;0,0;0,0;0,0;0,0;0,0;0,0;0,0;0,0;0,0;0,0;0,0;0,0;0,0;0,0;0,0
id304;1;female;135;widow;not married;76;0;0;0,0;0,0;0,0;0,0;0,0;0,0;0,0;0,0;0,0;0,0;0,0;0,0;0,0;0,0;0,0;0,0;0,0;0,0;0,0;0,0;0,0;0,0;0,0;0,0;0,0;0,0;0,0;0,0;0,0;0,0;0,0;0,0;0,0;0,0;0,0;0,0;0,0;0,0;0,0;0,0;0,0;0,0;0,0;0,0;0,0;0,0;0,0;0,0;0,0;0,0;0,0;0,0;0,0;0,0;0,0;0,0;0,0;0,0;0,0
id305;1;female;136;widow;not married;77;0;0;0,0;0,0;0,0;0,0;0,0;0,0;0,0;0,0;0,0;0,0;0,0;0,0;0,0;0,0;0,0;0,0;0,0;0,0;0,0;0,0;0,0;0,0;0,0;0,0;0,0;0,0;0,0;0,0;0,0;0,0;0,0;0,0;0,0;0,0;0,0;0,0;0,0;0,0;0,0;0,0;0,0;0,0;0,0;0,0;0,0;0,0;0,0;0,0;0,0;0,0;0,0;0,0;0,0;0,0;0,0;0,0;0,0;0,0;0,0
id306;1;female;123;widow;not married;64;0;0;0,0;0,0;0,0;0,0;0,0;0,0;0,0;0,0;0,0;0,0;0,0;0,0;0,0;0,0;0,0;0,0;0,0;0,0;0,0;0,0;0,0;0,0;0,0;0,0;0,0;0,0;0,0;0,0;0,0;0,0;0,0;0,0;0,0;0,0;0,0;0,0;0,0;0,0;0,0;0,0;0,0;0,0;0,0;0,0;0,0;0,0;0,0;0,0;0,0;0,0;0,0;0,0;0,0;0,0;0,0;0,0;0,0;0,0;0,0
id307;1;female;130;widow;not married;71;0;0;0,0;0,0;0,0;0,0;0,0;0,0;0,0;0,0;0,0;0,0;0,0;0,0;0,0;0,0;0,0;0,0;0,0;0,0;0,0;0,0;0,0;0,0;0,0;0,0;0,0;0,0;0,0;0,0;0,0;0,0;0,0;0,0;0,0;0,0;0,0;0,0;0,0;0,0;0,0;0,0;0,0;0,0;0,0;0,0;0,0;0,0;0,0;0,0;0,0;0,0;0,0;0,0;0,0;0,0;0,0;0,0;0,0;0,0;0,0
id308;1;female;125;widow;not married;66;0;0;0,0;0,0;0,0;0,0;0,0;0,0;0,0;0,0;0,0;0,0;0,0;0,0;0,0;0,0;0,0;0,0;0,0;0,0;0,0;0,0;0,0;0,0;0,0;0,0;0,0;0,0;0,0;0,0;0,0;0,0;0,0;0,0;0,0;0,0;0,0;0,0;0,0;0,0;0,0;0,0;0,0;0,0;0,0;0,0;0,0;0,0;0,0;0,0;0,0;0,0;0,0;0,0;0,0;0,0;0,0;0,0;0,0;0,0;0,0
id309;1;female;132;widow;not married;73;0;0;0,0;0,0;0,0;0,0;0,0;0,0;0,0;0,0;0,0;0,0;0,0;0,0;0,0;0,0;0,0;0,0;0,0;0,0;0,0;0,0;0,0;0,0;0,0;0,0;0,0;0,0;0,0;0,0;0,0;0,0;0,0;0,0;0,0;0,0;0,0;0,0;0,0;0,0;0,0;0,0;0,0;0,0;0,0;0,0;0,0;0,0;0,0;0,0;0,0;0,0;0,0;0,0;0,0;0,0;0,0;0,0;0,0;0,0;0,0
id310;1;female;132;widow;not married;73;0;0;0,0;0,0;0,0;0,0;0,0;0,0;0,0;0,0;0,0;0,0;0,0;0,0;0,0;0,0;0,0;0,0;0,0;0,0;0,0;0,0;0,0;0,0;0,0;0,0;0,0;0,0;0,0;0,0;0,0;0,0;0,0;0,0;0,0;0,0;0,0;0,0;0,0;0,0;0,0;0,0;0,0;0,0;0,0;0,0;0,0;0,0;0,0;0,0;0,0;0,0;0,0;0,0;0,0;0,0;0,0;0,0;0,0;0,0;0,0
id311;1;female;122;widow;not married;63;0;0;0,0;0,0;0,0;0,0;0,0;0,0;0,0;0,0;0,0;0,0;0,0;0,0;0,0;0,0;0,0;0,0;0,0;0,0;0,0;0,0;0,0;0,0;0,0;0,0;0,0;0,0;0,0;0,0;0,0;0,0;0,0;0,0;0,0;0,0;0,0;0,0;0,0;0,0;0,0;0,0;0,0;0,0;0,0;0,0;0,0;0,0;0,0;0,0;0,0;0,0;0,0;0,0;0,0;0,0;0,0;0,0;0,0;0,0;0,0
id312;1;female;129;widow;not married;70;0;0;0,0;0,0;0,0;0,0;0,0;0,0;0,0;0,0;0,0;0,0;0,0;0,0;0,0;0,0;0,0;0,0;0,0;0,0;0,0;0,0;0,0;0,0;0,0;0,0;0,0;0,0;0,0;0,0;0,0;0,0;0,0;0,0;0,0;0,0;0,0;0,0;0,0;0,0;0,0;0,0;0,0;0,0;0,0;0,0;0,0;0,0;0,0;0,0;0,0;0,0;0,0;0,0;0,0;0,0;0,0;0,0;0,0;0,0;0,0
id313;1;female;126;widow;not married;67;0;0;0,0;0,0;0,0;0,0;0,0;0,0;0,0;0,0;0,0;0,0;0,0;0,0;0,0;0,0;0,0;0,0;0,0;0,0;0,0;0,0;0,0;0,0;0,0;0,0;0,0;0,0;0,0;0,0;0,0;0,0;0,0;0,0;0,0;0,0;0,0;0,0;0,0;0,0;0,0;0,0;0,0;0,0;0,0;0,0;0,0;0,0;0,0;0,0;0,0;0,0;0,0;0,0;0,0;0,0;0,0;0,0;0,0;0,0;0,0
id314;1;female;131;widow;not married;72;0;0;0,0;0,0;0,0;0,0;0,0;0,0;0,0;0,0;0,0;0,0;0,0;0,0;0,0;0,0;0,0;0,0;0,0;0,0;0,0;0,0;0,0;0,0;0,0;0,0;0,0;0,0;0,0;0,0;0,0;0,0;0,0;0,0;0,0;0,0;0,0;0,0;0,0;0,0;0,0;0,0;0,0;0,0;0,0;0,0;0,0;0,0;0,0;0,0;0,0;0,0;0,0;0,0;0,0;0,0;0,0;0,0;0,0;0,0;0,0
id315;1;female;135;widow;not married;76;0;0;0,0;0,0;0,0;0,0;0,0;0,0;0,0;0,0;0,0;0,0;0,0;0,0;0,0;0,0;0,0;0,0;0,0;0,0;0,0;0,0;0,0;0,0;0,0;0,0;0,0;0,0;0,0;0,0;0,0;0,0;0,0;0,0;0,0;0,0;0,0;0,0;0,0;0,0;0,0;0,0;0,0;0,0;0,0;0,0;0,0;0,0;0,0;0,0;0,0;0,0;0,0;0,0;0,0;0,0;0,0;0,0;0,0;0,0;0,0
id316;1;male;124;widow;not married;65;0;0;0,0;0,0;0,0;0,0;0,0;0,0;0,0;0,0;0,0;0,0;0,0;0,0;0,0;0,0;0,0;0,0;0,0;0,0;0,0;0,0;0,0;0,0;0,0;0,0;0,0;0,0;0,0;0,0;0,0;0,0;0,0;0,0;0,0;0,0;0,0;0,0;0,0;0,0;0,0;0,0;0,0;0,0;0,0;0,0;0,0;0,0;0,0;0,0;0,0;0,0;0,0;0,0;0,0;0,0;0,0;0,0;0,0;0,0;0,0
id317;1;male;130;widow;not married;71;0;0;0,0;0,0;0,0;0,0;0,0;0,0;0,0;0,0;0,0;0,0;0,0;0,0;0,0;0,0;0,0;0,0;0,0;0,0;0,0;0,0;0,0;0,0;0,0;0,0;0,0;0,0;0,0;0,0;0,0;0,0;0,0;0,0;0,0;0,0;0,0;0,0;0,0;0,0;0,0;0,0;0,0;0,0;0,0;0,0;0,0;0,0;0,0;0,0;0,0;0,0;0,0;0,0;0,0;0,0;0,0;0,0;0,0;0,0;0,0
id318;1;male;130;widow;not married;71;0;0;0,0;0,0;0,0;0,0;0,0;0,0;0,0;0,0;0,0;0,0;0,0;0,0;0,0;0,0;0,0;0,0;0,0;0,0;0,0;0,0;0,0;0,0;0,0;0,0;0,0;0,0;0,0;0,0;0,0;0,0;0,0;0,0;0,0;0,0;0,0;0,0;0,0;0,0;0,0;0,0;0,0;0,0;0,0;0,0;0,0;0,0;0,0;0,0;0,0;0,0;0,0;0,0;0,0;0,0;0,0;0,0;0,0;0,0;0,0
id319;1;male;122;widow;not married;63;0;0;0,0;0,0;0,0;0,0;0,0;0,0;0,0;0,0;0,0;0,0;0,0;0,0;0,0;0,0;0,0;0,0;0,0;0,0;0,0;0,0;0,0;0,0;0,0;0,0;0,0;0,0;0,0;0,0;0,0;0,0;0,0;0,0;0,0;0,0;0,0;0,0;0,0;0,0;0,0;0,0;0,0;0,0;0,0;0,0;0,0;0,0;0,0;0,0;0,0;0,0;0,0;0,0;0,0;0,0;0,0;0,0;0,0;0,0;0,0
id320;1;male;123;widow;not married;64;0;0;0,0;0,0;0,0;0,0;0,0;0,0;0,0;0,0;0,0;0,0;0,0;0,0;0,0;0,0;0,0;0,0;0,0;0,0;0,0;0,0;0,0;0,0;0,0;0,0;0,0;0,0;0,0;0,0;0,0;0,0;0,0;0,0;0,0;0,0;0,0;0,0;0,0;0,0;0,0;0,0;0,0;0,0;0,0;0,0;0,0;0,0;0,0;0,0;0,0;0,0;0,0;0,0;0,0;0,0;0,0;0,0;0,0;0,0;0,0
id321;1;male;130;widow;not married;71;0;0;0,0;0,0;0,0;0,0;0,0;0,0;0,0;0,0;0,0;0,0;0,0;0,0;0,0;0,0;0,0;0,0;0,0;0,0;0,0;0,0;0,0;0,0;0,0;0,0;0,0;0,0;0,0;0,0;0,0;0,0;0,0;0,0;0,0;0,0;0,0;0,0;0,0;0,0;0,0;0,0;0,0;0,0;0,0;0,0;0,0;0,0;0,0;0,0;0,0;0,0;0,0;0,0;0,0;0,0;0,0;0,0;0,0;0,0;0,0
id322;1;male;128;widow;not married;69;0;0;0,0;0,0;0,0;0,0;0,0;0,0;0,0;0,0;0,0;0,0;0,0;0,0;0,0;0,0;0,0;0,0;0,0;0,0;0,0;0,0;0,0;0,0;0,0;0,0;0,0;0,0;0,0;0,0;0,0;0,0;0,0;0,0;0,0;0,0;0,0;0,0;0,0;0,0;0,0;0,0;0,0;0,0;0,0;0,0;0,0;0,0;0,0;0,0;0,0;0,0;0,0;0,0;0,0;0,0;0,0;0,0;0,0;0,0;0,0
id323;1;male;122;widow;not married;63;0;0;0,0;0,0;0,0;0,0;0,0;0,0;0,0;0,0;0,0;0,0;0,0;0,0;0,0;0,0;0,0;0,0;0,0;0,0;0,0;0,0;0,0;0,0;0,0;0,0;0,0;0,0;0,0;0,0;0,0;0,0;0,0;0,0;0,0;0,0;0,0;0,0;0,0;0,0;0,0;0,0;0,0;0,0;0,0;0,0;0,0;0,0;0,0;0,0;0,0;0,0;0,0;0,0;0,0;0,0;0,0;0,0;0,0;0,0;0,0
id324;1;male;130;widow;not married;71;0;0;0,0;0,0;0,0;0,0;0,0;0,0;0,0;0,0;0,0;0,0;0,0;0,0;0,0;0,0;0,0;0,0;0,0;0,0;0,0;0,0;0,0;0,0;0,0;0,0;0,0;0,0;0,0;0,0;0,0;0,0;0,0;0,0;0,0;0,0;0,0;0,0;0,0;0,0;0,0;0,0;0,0;0,0;0,0;0,0;0,0;0,0;0,0;0,0;0,0;0,0;0,0;0,0;0,0;0,0;0,0;0,0;0,0;0,0;0,0
id325;1;male;132;widow;not married;73;0;0;0,0;0,0;0,0;0,0;0,0;0,0;0,0;0,0;0,0;0,0;0,0;0,0;0,0;0,0;0,0;0,0;0,0;0,0;0,0;0,0;0,0;0,0;0,0;0,0;0,0;0,0;0,0;0,0;0,0;0,0;0,0;0,0;0,0;0,0;0,0;0,0;0,0;0,0;0,0;0,0;0,0;0,0;0,0;0,0;0,0;0,0;0,0;0,0;0,0;0,0;0,0;0,0;0,0;0,0;0,0;0,0;0,0;0,0;0,0
id1;1;female;93;active;married;34;0;0;0,0005478764468638985;0,0005777889897731647;0,0006177610767733467;0,00063737655124749;0,0006569043642315039;0,0007167039899243176;0,0008065519458637949;0,0008960823747060909;0,0009148628398514464;0,0009836445081326168;0,0010520465514487778;0,0011400038343073785;0,0012075245018869061;0,001304526960166148;0,0014306603561921743;0,001555868700981227;0,0016899363415734654;0,0018523769119398053;0,0019445549868712967;0,0020160445361734557;0,0021744546444316115;0,002360243081614932;0,0025532581581609952;0,002753212878424351;0,002969204373041686;0,0031629134967567744;0,0032679453128362703;0,0034547235900319645;0,0037494219586341206;0,004019229742390825;0,004318977288622086;0,00451988334821976;0,0047675165008747005;0,005094705405366908;0,00540809730209954;0,005732941391104453;0,00610887349942776;0,006377023787596933;0,006805453122851482;0,007314764516902671;0,007908170085457902;0,008413966326207077;0,008980842961171869;0,009608098284446389;0,010213114601829616;0,010797677847998855;0,011368996860928151;0,01189069346771503;0,01218082484863136;0,012490986103792748;0,012668888732746778;0,012727731119807704;0,012463244709333968;0,011983834887568693;0,011292466206719682;0,010213429955501513;0,008935436068783647;0,0075912237067736225;0,0061728758053153495
id2;1;female;89;active;married;30;0;0;0,0007226983846006981;0,0008137862059436602;0,0009047381850342258;0,000924400419233137;0,000994696403500404;0,0010647785811736838;0,0011549712103561057;0,0012246627380153067;0,0013244503651989848;0,001454184686137117;0,001583498330953536;0,001722382642270297;0,0018908106762694362;0,0019881671205796395;0,0020648498650169206;0,0022309093568154133;0,00242600927160938;0,0026300335668213983;0,0028425995648867484;0,003073339848210381;0,0032823729123288175;0,003400683438234178;0,0036057590613665716;0,003926023323517101;0,004223854873579026;0,00455720855142945;0,004789295143296277;0,005075279633746109;0,005452130787725408;0,0058232581372836476;0,006216345235966175;0,006676810920175445;0,007034178547065444;0,007586694441136503;0,008254517422043323;0,009052557315914839;0,009792294170598913;0,010650359463314638;0,01164406552295466;0,012694508190808517;0,013825946180462078;0,015066721445524343;0,01639969177053309;0,017600103249720223;0,019031989927099827;0,020498860954326497;0,022056923858889906;0,02332459381917327;0,024438355232187108;0,025355173334475;0,025545759704061994;0,02520540880421192;0,024456321612534637;0,023021223798251188;0,02115381629857673;0,019018619404909513;0,016570979946591683;0,013928686823562289;0,011237022289444695
id5;1;female;96;active;married;37;0;0;0,0005370414777935738;0,0005567085703101899;0,0005459484790672696;0,0005755640224811857;0,000615126150952522;0,0006343538381786589;0,0006534342277123381;0,0007124927243518152;0,0008012496906217235;0,0008895636235791835;0,0009076106487955605;0,000975161515625394;0,0010421710815759874;0,0011283803471546364;0,0011940796788820326;0,001288554407790742;0,0014114705485431854;0,0015332803499076447;0,001663500735481417;0,0018210634495548614;0,0019090415313348255;0,0019761597306292597;0,0021277986104155534;0,0023053580487168612;0,002489015466360271;0,002678319641069508;0,0028819938925483757;0,003062122696015232;0,003155132118675497;0,0033252483070848305;0,003596065635723152;0,0038385536065680273;0,0041050923570577005;0,004271658474131752;0,00447597073919009;0,004747048663464212;0,004995856752254084;0,0052430332677311405;0,00552199706057866;0,00568891592504689;0,005978746887614531;0,006312131321119124;0,006681532476359497;0,006937178557317484;0,007195158596643349;0,0074444326271130325;0,007619623589008723;0,007723936476946576;0,0077559729475981404;0,007698495128306072;0,0074475724209913715;0,0071615412413288965;0,006757166576158396;0,006264554892096415;0,005609561444195271;0,004888846689119336;0,004150927750161609;0,0033567187026499416;0,0026181558416198364
id6;1;female;80;active;married;21;0;0;0,0004551522299343103;0,0004448394968503227;0,00045474213306591696;0,0004949178026765936;0,0005047621754419511;0,0005347602749814099;0,0005546301594285669;0,0005442473873287946;0,000574150667966837;0,0006140609265705315;0,0006337876610996427;0,0006534752802719069;0,0007132798960198477;0,0008030403216674768;0,0008925712773820794;0,0009117811157834143;0,0009809347113754752;0,001049872558128184;0,0011385308932405159;0,0012069415018471409;0,0013049315118421475;0,0014323052440456685;0,0015590866141060285;0,0016951192780150345;0,0018600208159292731;0,001954943751892243;0,002029586092162336;0,0021919841448494216;0,0023825282566119353;0,002581289153194008;0,0027880209812671955;0,0030121405069745044;0,0032146187959935326;0,003328304713245778;0,00352675278937024;0,003837016515755588;0,004124014182204846;0,0044443651651937055;0,004665658247990175;0,004938838158682664;0,005299293850700383;0,005652227721056003;0,006024448124583099;0,006459706816542967;0,006793574817585108;0,007312437055167316;0,00793730948681826;0,00867831551500786;0,009355336601694;0,010135734968397295;0,011032766932390276;0,011966305914158688;0,012955530418859974;0,014021801117534725;0,015141088484016884;0,016104269021680395;0,017233616714559755;0,018337102091298844;0,019440999612830776
id7;1;female;103;active;married;44;0;0;0,00046444174947887567;0,00045346287490890164;0,0004424773256169978;0,00045156683672437683;0,0004905665066311794;0,0004993109137587483;0,0005278103075129216;0,00054608715612026;0,0005344124417940151;0,0005621283900673154;0,0005993811601066215;0,0006166216538493573;0,000633478559668847;0,000688747238407004;0,0007721401706709238;0,0008544113324886707;0,0008686100303188582;0,0009296106264727578;0,0009893204982828082;0,0010663199856169809;0,0011228486224027655;0,0012053719635565685;0,0013127192211433597;0,0014165575565785059;0,0015252012745983316;0,0016556147023276545;0,0017191265582970235;0,0017603344139287592;0,0018718352257915262;0,0019990625167476627;0,002122921993344338;0,002241131317868261;0,0023595256573393343;0,002444429579769324;0,0024453354646796466;0,002489544129259817;0,0025867313129249773;0,002636317717491227;0,0026713453021232057;0,0026135056039503194;0,0025532672818937984;0,002500097386017366;0,002404768590933618;0,0022809860822235926;0,0021428798289406087;0,001940229849402374;0,0017641256559575494;0,001584752517471185;0,0014035459163179676;0,001200214280807573;0,0010066629901193075;0,0008306853035126427;0,0006629725912759282;0,0005179150323233375;0,0004045281943589121;0,0003035613451357544;0,00021598513522499854;0,0001489314006646505;9,838227175954944e-05
id8;1;female;116;active;married;57;0;0;0,0006378606501498509;0,0006547918373488102;0,0007114085526102606;0,0007969978956390151;0,0008811477780715985;0,0008948965643335763;0,0009567368757149942;0,001016971726998585;0,0010948090565805764;0,00115127337885688;0,0012336433112236668;0,0013405322952209757;0,0014430614247672553;0,0015496103547036218;0,0016767547611653117;0,001734649291606585;0,0017687687747409099;0,0018716244606838176;0,001987427454639294;0,0020972522894942046;0,002197805317432506;0,00229332066869251;0,002350582985950023;0,002322789117922144;0,0023321670556676944;0,002383884989571467;0,002386106770441876;0,00237160440086865;0,002270040463178575;0,0021648431501677867;0,0020649750198452888;0,0019274207574247694;0,0017665377414393256;0,0015978552524773646;0,001388209529125303;0,0012076991674783199;0,0010373451451742722;0,0008757086547297295;0,0007133813886542366;0,0005666234607517986;0,0004431631547044692;0,0003451883983695045;0,0002582316548559868;0,00018578185270524172;0,00012831837670748447;8,397833147221769e-05;5,319821404956928e-05;3,241126662368943e-05;1,874662305989295e-05;1,0420414615659837e-05;5,292608371906533e-06;2,458969666434303e-06;8,6842231070442e-07;0,0;0,0;0,0;0,0;0,0;0,0
id11;1;male;122;active;married;63;0;0;0,0016045212908691745;0,001733784374706256;0,0018900390336091242;0,0019721397039548375;0,0020307895839319855;0,002173196747003198;0,002338141728827908;0,002504434745376216;0,0026702819874665235;0,002843070184002104;0,0029841546093665027;0,003031184270494893;0,0031421757293247574;0,003334805561216022;0,0034832967707763424;0,0036320793518318114;0,003668783613939501;0,00371433180427827;0,003785168806971395;0,0038024326535258377;0,003784296971496287;0,0037531423279102485;0,0036101532195023187;0,003513316467122457;0,003404003043739781;0,0032725656699143734;0,0030501818743038324;0,00280512648202212;0,002541220368159619;0,0022468947055549206;0,001944012383995493;0,001642889458558918;0,0013583103263023965;0,0010750764939569132;0,0008410533358092713;0,0006557670455719853;0,0004919473251924336;0,0003494350997361908;0,00023705435609219948;0,0001535904956028515;9,318247295863373e-05;5,369462739954116e-05;2,9077325495379832e-05;1,5014121317806389e-05;7,0161617925013285e-06;2,9809457625517237e-06;9,665283623074816e-07;0,0;0,0;0,0;0,0;0,0;0,0;0,0;0,0;0,0;0,0;0,0;0,0
id12;1;female;88;active;married;29;0;0;0,00045509588195238117;0,0004447067057496499;0,0004545222180741641;0,0004945967522521366;0,0005043255981520181;0,0005341492317394498;0,0005538025655392995;0,0005432282336654246;0,0005728332992591056;0,0006123736475031523;0,0006317131110843927;0,0006509589173549398;0,0007100912235323731;0,0007989184487494969;0,0008873602499739668;0,0009057011477399384;0,0009734763479273067;0,0010408730122007962;0,0011276763759294646;0,0011941456169332493;0,0012895626774422513;0,001413626229709721;0,0015366290178383036;0,0016682034546243443;0,0018276314316469017;0,001917823113314146;0,0019875384899727495;0,0021423653331478967;0,002323688456609742;0,0025117718696124895;0,0027065317843317674;0,0029168577291223217;0,0031044394432496567;0,0032043275865655625;0,003383910493456371;0,0036681772914391995;0,003927424016953822;0,004214560573627663;0,004402606564829047;0,004633527762496928;0,004939509177569498;0,005229425433873952;0,005525885776289996;0,005866500246076506;0,006098289650097653;0,006476230104996926;0,006921167921212172;0,0074354416529078616;0,007853021973369139;0,008307518386849502;0,008793254088326334;0,009233017723658851;0,009626852574655757;0,009971724082769966;0,010242676018771239;0,01029207742290575;0,01032573596867675;0,010223104622267241;0,010005135994196213
id14;1;female;110;active;married;51;0;0;0,0005773690106190165;0,0006158741522633885;0,0006338413315769272;0,0006515773085272744;0,0007089504994383503;0,0007954042235633183;0,0008807869476944503;0,0008960389622111682;0,0009598036802067113;0,0010224735651069758;0,0011032125583883888;0,0011630875865591402;0,0012500671284836429;0,0013632568044729954;0,0014737668525221616;0,0015903210389235582;0,0017305006382640643;0,0018016713861200905;0,0018507509769392374;0,001975271803072728;0,0021184273481542823;0,0022607160705703424;0,0024002997359782318;0,0025431451315483383;0,002654108646910711;0,0026789305028193187;0,002756670462042635;0,002899633214357566;0,00299654637166366;0,00308644919243105;0,00307464084827019;0,0030622958337369255;0,0030648543810102235;0,003019994951502229;0,0029405450736516435;0,002846804591570912;0,0026675709444695835;0,0025191439216711914;0,002358428381557539;0,0021830337789406;0,0019523606383910106;0,0017179644269307672;0,0014881154435391895;0,0012541463127441093;0,0010336999134436214;0,0008272775919491946;0,0006482739768354231;0,0005007632516674182;0,00037515174195184735;0,0002694241674498448;0,00018603448642281337;0,00012154647635903435;7,575149122353535e-05;4,52664009938649e-05;2,5040822527722945e-05;1,3310361537525393e-05;6,442385220600828e-06;2,803794142580891e-06;9,358748208159347e-07
id16;1;female;83;active;married;24;0;0;0,0005578888335550963;0,0005474677514949184;0,0005775719685070954;0,0006177583304719334;0,0006376628645722056;0,0006575251343667913;0,000717774393036745;0,0008082416018621914;0,0008985738939750224;0,0009181021626395047;0,0009879191962948882;0,0010575238800938215;0,0011471019960094533;0,0012163186914266222;0,0013154264313365647;0,0014442768279219287;0,001572709414596047;0,0017106474595424094;0,0018779279356720185;0,0019746210571899;0,002050781335831276;0,002215709407449299;0,0024094800397167736;0,0026121142475425845;0,0028232319606753;0,0030524001314375104;0,003260008981712056;0,0033775134174919945;0,0035811917901810595;0,0038992739822472115;0,00419507630397373;0,004526158729068476;0,004756664035512767;0,0050407000157010546;0,005414983553725206;0,00578358228556779;0,006173991147244321;0,006631319521072319;0,006986252279948868;0,007535003694038616;0,008198276568297535;0,008990879143103652;0,009725575917292707;0,010577794917346537;0,011564730517332885;0,012608016159593297;0,013731745274791205;0,014964066713100691;0,01628795505484339;0,017480187719572465;0,01890231846270593;0,020359195195331456;0,02190664248380709;0,023165675374569726;0,024271848349697454;0,025182419856313434;0,02537170769570298;0,025033675723078082;0,02428969231894354
id17;1;female;111;active;married;52;0;0;0,0008127478190109358;0,0009010184743109424;0,0009179048622247574;0,0009846623289129393;0,0010504874978299924;0,001135244478284941;0,0011988767989075345;0,0012910150767365069;0,0014110063393205493;0,001528824667182182;0,00165396701413273;0,0018051927144810728;0,001886183995635955;0,0019458082281029936;0,002086878863202339;0,002250732444787319;0,0024172301419043843;0,0025855353704030285;0,0027630413115631858;0,0029123868923480985;0,002972794391982476;0,003099339789264964;0,0033102249455492136;0,0034831501227640758;0,003664535035048053;0,003741344251947452;0,003834537520846393;0,003962315525414028;0,004046049419339181;0,00410012140531892;0,004145590942296415;0,004075858537830672;0,004063410949364663;0,004041435894355914;0,004003951057398154;0,0038621495085547587;0,003689066307510117;0,0034829249709251776;0,0032185265863630473;0,0029123316482449345;0,0025821350744440023;0,002240988605507386;0,0018729774431254461;0,0015459663984796065;0,0012350729279792675;0,0009675452219250926;0,0007461319956336071;0,000549932242240328;0,0003873687603501479;0,0002558156350075262;0,00015982889878607553;9,492403667202844e-05;5,3134549222254064e-05;2,7780717759742024e-05;1,4003737765911532e-05;6,356711973342745e-06;2,591976233277661e-06;8,018959928645056e-07;0,0
id18;1;female;97;active;married;38;0;0;0,0007223700510880034;0,0008129878466929524;0,0009033269263514872;0,0009223843245535617;0,0009918665950209222;0,0010609965893705244;0,0011499080182258738;0,0012181462257396703;0,0013161169126878086;0,0014436331570486368;0,0015703132535700756;0,001706011660383666;0,0018704438579037832;0,001964035318223725;0,0020367365234389635;0,00219710269811972;0,002385417257598753;0,0025814693885234615;0,002784642373253906;0,003004332846419213;0,0032013199000310772;0,0033088792490810325;0,003499728404490515;0,0038001803396574747;0,004075871045946495;0,0043826861443161825;0,004589082544088133;0,00484445845253313;0,0051821078700134355;0,005507577452729148;0,00584547380732844;0,006237815003780683;0,006522969236526005;0,0069748495771756016;0,0075137301367342;0,008144765545222123;0,008692449986131681;0,009308248228259593;0,009999391986632864;0,010680483007829316;0,011358174736407517;0,012035982744236675;0,012682850468799044;0,013108166731216682;0,013565889270683085;0,013899004214148206;0,014128777640424778;0,014007360117744358;0,013655942966051;0,013078821328321062;0,012044823718251838;0,010748707045111808;0,009329930349230901;0,0077606947625895525;0,006222902919197535;0,004831732126127596;0,0035871980123113145;0,00254647339751221;0,001708305779153603
id19;1;male;93;active;married;34;0;0;0,0010007060787291507;0,0010712116731612096;0,0011619492207805596;0,0012320618050012935;0,0013324523208946431;0,0014629704600230453;0,0015930653814232112;0,0017327887925923944;0,0019022344212869492;0,0020001790657853415;0,002077325105744849;0,00224438788217456;0,002440666535647928;0,0026459234881297256;0,002859773750025278;0,003091908101086648;0,0033022040840444424;0,00342122940879127;0,0036275440410203303;0,003949743249548594;0,004249374213866414;0,004584741920653848;0,004818230714275056;0,005105943042386726;0,005485071024790281;0,005858440621160212;0,006253902641267388;0,006717150329318576;0,0070766770706552715;0,007632531109983923;0,008304388889057723;0,009107250314971449;0,00985145645117272;0,010714705932467122;0,011714415683957502;0,012771204830252422;0,013909478649245828;0,015157750328639787;0,016498774084539276;0,01770643811144387;0,019146975844427108;0,020622709292835828;0,022190185574193836;0,023465514438974825;0,024586004884436123;0,02550836214321357;0,025700099981912358;0,025357692777882718;0,02460407981258833;0,02316031154191741;0,021281621692620215;0,01913352454131136;0,016671097135465225;0,014012840022345308;0,011304913209991;0,008707377268248606;0,006349055069564855;0,004448084155795506;0,0029153774555468765
id22;1;male;95;active;married;36;0;0;0,0007224749178721084;0,000813240949661724;0,0009037587529895092;0,0009229891273633469;0,000992755156066914;0,001062235831230723;0,001151577487133325;0,00122031285296061;0,001318835634215137;0,001446897186467775;0,0015742871595805703;0,001711006238397829;0,001876746520951018;0,001971570001378182;0,0020455739045179364;0,0022077510115293265;0,0023979218831465562;0,0025960350256261826;0,0028021104053967817;0,0030254213885499972;0,0032262840746127125;0,003337079657872785;0,003531979557267378;0,003838551066969911;0,004121139360395671;0,00443602314383765;0,004650491598987747;0,004915178221457147;0,005264947723038075;0,005605791711147801;0,005962922273338404;0,006378620505657355;0,006687978164061627;0,007174133242709818;0,007757050625180019;0,00844398727627533;0,009055990753373985;0,009753217602525972;0,010543913126742048;0,011345244101839957;0,012173440322369682;0,01303852202363674;0,013908823698038758;0,014576289857659878;0,015334130519887962;0,015996922039450804;0,01657819479137022;0,016799292724712978;0,0167778537721767;0,016495124465850174;0,015654603551399266;0,014457753227698884;0,013034178077549518;0,011299094198307021;0,009469098653578423;0,007689283735123901;0,005989177710768294;0,00446293976122592;0,0031615497938592948
id23;1;female;91;active;married;32;0;0;0,0005577966867316347;0,0005472588938768035;0,0005771911383178931;0,0006171349883803618;0,0006367767293732323;0,0006563338713584994;0,0007161484685183838;0,0008059857969697128;0,0008955468099815027;0,0009144400718433485;0,0009833239098560602;0,0010518585058122275;0,00114000416400035;0,0012076546538453276;0,0013047815451276128;0,0014311995257355848;0,0015567885600247947;0,0016913182322801279;0,001854334218687347;0,0019471196004644219;0,002019194649389715;0,002178179632539001;0,0023648722884256914;0,0025592358740976436;0,0027606589835411596;0,0029784573206516865;0,003173747776768477;0,0032803807455369675;0,003469586167548403;0,003767450389506561;0,004040766644515007;0,0043449392254308805;0,004549557987493018;0,004802734410648877;0,005137475742824049;0,005460142141936404;0,0057951282844263385;0,0061840903497178785;0,006466788624327299;0,006914777038883469;0,00744901636242819;0,00807461682951406;0,008617584208903581;0,009228078743321223;0,009913269862941379;0,01058849482695645;0,011260349775563297;0,011932320001938605;0,012573616425539752;0,012995269551257791;0,013449049847314494;0,013779295759702232;0,014007090208110426;0,013886718422502877;0,013538327933975233;0,012966176892571154;0,011941084830978287;0,010656131268614588;0,009249574121907932
id25;1;female;97;active;married;38;0;0;0,00045487046423964495;0,00044424299019665375;0,0004537757714748336;0,0004934469196856919;0,0005027719422518922;0,0005320768934446337;0,0005511816889615497;0,0005401092986534305;0,0005689470774161334;0,0006075723929080268;0,0006260384882492259;0,0006442776742247885;0,0007018091360217918;0,000788402387469582;0,000874241620752069;0,0008907600428667851;0,0009557801348282544;0,0010200611150790418;0,0011027627466877364;0,0011650526800697284;0,0012549780417214084;0,0013721391523269732;0,0014874479289058037;0,001610014492635951;0,0017581836168802654;0,0018382583999215845;0,001897412387902451;0,0020366355690041673;0,0021987421248474176;0,0023642705401736284;0,0025319536628189703;0,0027097036111844363;0,002861142010785579;0,00292621158389516;0,0030576480057388548;0,003274335269973797;0,0034560234208493644;0,003647814835445301;0,0037396148908057404;0,003851312268189778;0,004003043310480745;0,0041138991977952635;0,004200195044769039;0,004284644147636519;0,004251416935558899;0,004281529733781062;0,004308760410399683;0,004321922602838766;0,0042268614499682165;0,0041035461474420755;0,003944900062940105;0,0037184387191920272;0,0034377199507879186;0,0031178489651261998;0,0027665386102937667;0,0023726707414481176;0,002003397694670759;0,001652152245026369;0,0013228838783830399
id26;1;female;120;active;married;61;0;0;0,001336429129994136;0,0014591832455792268;0,0015793630890792968;0,001706599383514666;0,0018604040367606084;0,0019412174040063911;0,001998947679161955;0,0021391219593382776;0,002301480674990897;0,002465166288764073;0,002628413117630482;0,0027984920697701867;0,002937364352196424;0,002983656608522827;0,0030929077691503023;0,0032825172483612695;0,003428680179801879;0,003575129914158265;0,003611258669267133;0,003656092683626918;0,003725818992670738;0,003742812149557328;0,0037249608271998453;0,0036942946749878316;0,0035535475741266726;0,003458229180257172;0,0033506297442048322;0,0032212532517103543;0,0030023563380979557;0,002761143308671635;0,0025013751288483505;0,002211664365686798;0,0019135311082923289;0,0016171296604483556;0,0013370126062429261;0,001058219758226176;0,0008278659822610502;0,0006454849011382924;0,00048423380331671104;0,00034395610808824134;0,000233337446033308;0,00015118226287738184;9,172141197345773e-05;5,285271880110916e-05;2,862140557304184e-05;1,4778706371329448e-05;6,906151401756957e-06;2,934205818715682e-06;9,513736144627834e-07;0,0;0,0;0,0;0,0;0,0;0,0;0,0;0,0;0,0;0,0
id28;1;female;113;active;married;54;0;0;0,0008124279828705383;0,0009003054156640094;0,0009166036660951854;0,0009825377178626497;0,0010474109093361985;0,0011311064485284527;0,0011936869659061424;0,0012843042897594645;0,0014022706178596705;0,001517763078391744;0,0016400367666023264;0,0017878425660386179;0,0018655039637845059;0,0019209825809197148;0,0020556896336948855;0,002211715860834525;0,002369017232993125;0,0025258969342038273;0,002689342284898761;0,0028227981218345265;0,002867284838000991;0,0029722748678544125;0,0031544889950867127;0,0032949511233357556;0,0034356888683060903;0,003470408491014547;0,0035134938411293427;0,0035805006099914253;0,003596830981573568;0,0035796759156093184;0,0035502058375091214;0,0034149483058149503;0,00332334762202851;0,003219944894419358;0,0030956144824465055;0,0028852552206959452;0,0026534502401808473;0,00240381381711701;0,0021254026634185703;0,00183889751862772;0,001554056637496522;0,0012848650086427;0,0010169459378695706;0,0007955766665819866;0,0006203090077140942;0,00046534719790859507;0,0003305407635858975;0,00022423656906027625;0,000145285690345448;8,814399523065151e-05;5,079130045752072e-05;2,7505082859548536e-05;1,4202291437539389e-05;6,636790288343769e-06;2,819762780859367e-06;9,14267121836741e-07;0,0;0,0;0,0
id30;1;female;113;active;married;54;0;0;0,001070216872100831;0,0011574235508422625;0,0012232442293045964;0,001318202281059142;0,0014417099432366871;0,0015634568050351737;0,0016931241312079276;0,0018498737702157214;0,0019351834451080104;0,0019987531421566964;0,0021465941654838783;0,0023193447371576497;0,0024964479779424945;0,0026767625481973843;0,002868150817567839;0,0030328347684830557;0,0031072127896577036;0,003253143827073492;0,0034915347347278945;0,0036950238007071776;0,003912120231621492;0,004023608451447157;0,004160857734720515;0,004345712132150874;0,004492310880302742;0,004616011109737331;0,004744193828905726;0,004749380162782255;0,004827124324519499;0,004907219537733669;0,004980449728236099;0,004931524121978579;0,00485426159475151;0,004743007268414324;0,00455226399117094;0,004292881954298183;0,003977953134859064;0,0036106698219655507;0,003165989617500498;0,002743133990651493;0,002314153210456207;0,0019127319420682227;0,001511349836234747;0,001163236918326367;0,0008895698528680577;0,0006382556267763031;0,000433532723962254;0,0002802692014091321;0,00017010136550004497;9,753747934359163e-05;5,3300020322985754e-05;2,7069655324342722e-05;1,3095655313991687e-05;5,6720793730903275e-06;2,1933194203706523e-06;6,369865220056429e-07;0,0;0,0;0,0
id31;1;female;86;active;married;27;0;0;0,0005066108242254313;0,0005367130198338242;0,0005566438001753485;0,0005461841040998738;0,0005761582091990905;0,0006161824293962394;0,0006359249321219414;0,0006555780287009745;0,0007154428000216235;0,0008053837373128995;0,0008950920540088864;0,0009142234261125172;0,0009833988856318857;0,0010523345226798992;0,0011409981558176802;0,001209266796262615;0,0013070901868546278;0,0014342680125565244;0,0015607138190032999;0,0016964023073625435;0,0018610660006174082;0,0019555161353669746;0,0020293767238873228;0,0021907925768263905;0,0023801259877259907;0,0025773958659963646;0,002782409818664049;0,0030048953167813117;0,0032056101610026394;0,0033168975616925077;0,0035120604796921463;0,0038180792002404525;0,004100712194753986;0,004416219901374505;0,004632064549616351;0,004898382825736498;0,005250363404606128;0,0055933429759457125;0,00595453742922378;0,006376024651025681;0,006693400524285055;0,007188652755424182;0,007784018059309038;0,00848810442680716;0,009121150460433254;0,00984552790784163;0,010671863342863411;0,011518372672984322;0,012399381869977539;0,013335225739429165;0,01429416993485741;0,015068187855972786;0,015953442661762005;0,01676802710433857;0,01753227794408351;0,017929921606303807;0,018089119178545634;0,017994718016553;0,0172903225856898
id32;1;female;86;active;married;27;0;0;0,0008149478317676013;0,0009061323365545021;0,0009259583245481177;0,0009965675315571512;0,0010670666798126963;0,0011577630574776674;0,0012279651298497435;0,0013283658139783682;0,0014588627055722421;0,0015890877603201021;0,0017290564282293943;0,0018989090474364739;0,0019975800299898527;0,0020757120217414268;0,002243986890791405;0,0024416217942345646;0,002648338820492595;0,0028639749502089432;0,0030982801063043097;0,0033113584043885677;0,0034336686418038297;0,0036441616970061055;0,003971688582653643;0,004276807030270051;0,00461850987643576;0,004858674006136271;0,005154672058626808;0,005545175307787335;0,005931290481345375;0,006340918404262032;0,006821462850500376;0,0071986948138214645;0,007779090271053024;0,008482448250004016;0,009323488074568802;0,010111247256674024;0,011030477515843493;0,012102953211011624;0,013250924142587819;0,014502520148766553;0,015893051677337674;0,017409484213595804;0,018822550065069357;0,020529514163867845;0,022332551279380455;0,024301137861652358;0,026036144186085023;0,027699035960426145;0,02926146147051674;0,0301131930271664;0,030451259693480698;0,030404315083809755;0,029549208840286893;0,028137916341510777;0,02632849912833267;0,023958257055820376;0,02112961272394347;0,017995637998598796;0,014725247827376414
id34;1;male;89;active;married;30;0;0;0,001479314831015131;0,0016118305148559804;0,0017543991493972225;0,0019274182848837509;0,0020282853145556193;0,0021083204033536724;0,0022801874684328476;0,002482200114598008;0,0026938146014454578;0,0029148921580455433;0,0031555788411967867;0,0033749783981051867;0,0035019397963801133;0,003719230933822663;0,004056626430072471;0,004371840835241747;0,004725615794543294;0,004976934755228284;0,005286395496116276;0,005693253784438785;0,00609663830618063;0,006526049065014879;0,007030338862031193;0,007430631550737785;0,00804345306788503;0,008786854895084883;0,009676971033857491;0,010516615725680105;0,011498342413323957;0,012648818731447053;0,013886643512663163;0,015244970574147849;0,016766325473166126;0,018443995792966145;0,020036891077149212;0,021978763900914713;0,02406784436272851;0,026388572065463158;0,028517081444682364;0,030644562894958472;0,03275328487713991;0,03415381470718314;0,03507082889469519;0,03564949949209753;0,03538666735106378;0,034530567749945985;0,033250388367218726;0,03128635305269302;0,02865564003823644;0,025453810664372148;0,02183948344773488;0,017959526413781172;0,01437011140043921;0,010902935707400445;0,008150487462222997;0,005643907761369726;0,003596450950273456;0,0024561514108264373;0,0015686590666895805
id36;1;female;112;active;married;53;0;0;0,0013400846747667295;0,0014676957139513694;0,001593962704686724;0,001728681384500005;0,0018917321815532105;0,0019823102721487277;0,0020513723366664505;0,0022079467328449546;0,0023910109132714184;0,002580191357958909;0,0027749107016005704;0,0029839931025925728;0,003168751299009787;0,003262336297738622;0,003434795758481982;0,003710015317526455;0,003955392652094704;0,004223920961566711;0,004387664770078853;0,004588530777016908;0,0048554853684598725;0,005096494978294226;0,005332187245132633;0,005597698801943809;0,0057432479764815145;0,006006779485098233;0,006304665581751253;0,0066310283262888394;0,006833408659546417;0,007024886665483711;0,0072018532970693355;0,007297138045414774;0,007310537420892412;0,007250622977815335;0,007098133627797117;0,00675614772639715;0,006380311363310964;0,0059018526171262225;0,005355349470924959;0,004687918529671547;0,003996102261227848;0,003306492248746457;0,0026138164773302887;0,001974991785542396;0,0014485735307653278;0,0010376919481794864;0,0007036827103631343;0,000453276661361704;0,0002748201525026867;0,0001562715958235454;8,305373436594007e-05;4,1306663495058524e-05;1,8790714701782973e-05;8,17203958970089e-06;3,1214724691716903e-06;1,0898216418671796e-06;2,7737767418577015e-07;0,0;0,0
id38;1;female;96;active;married;37;0;0;0,0004960119708028502;0,0005055910067059224;0,0005353007951308886;0,000554811674687338;0,0005439916502079747;0,0005733634390741253;0,0006126077352740488;0,0006315776498504121;0,0006503623067027974;0,0007089399912693607;0,0007970990575655974;0,0008847174695431167;0,0009023088761149106;0,0009690381076389691;0,00103514539512194;0,001120212552464035;0,0011848375710485613;0,0012780779180895506;0,0013994374673963969;0,0015192561363616957;0,0016470637728399835;0,0018016764104809688;0,0018873609554975013;0,0019523759576415684;0,0021003547326183996;0,0022733524130501433;0,0024518811083208743;0,0026352065185313795;0,00283220227119175;0,0030051089278453277;0,003090768309291704;0,0032501985797372276;0,003506376771076647;0,0037328740654975767;0,003979363246812714;0,004125539357475872;0,004304706047624688;0,004543129942286245;0,004753957167088136;0,004957693028597535;0,005183205940724892;0,005292367268209342;0,005502861774695519;0,0057388878814330635;0,005990958197619889;0,006119236382503585;0,0062332260088325785;0,00632592735841536;0,006334670922369808;0,006268292116858888;0,006131610231547739;0,00590594582023086;0,005520715897223414;0,005111242583067353;0,004627504428351078;0,00410487416386245;0,0035145612481383643;0,0029195761926796055;0,0023615031950435066
id39;1;male;95;active;married;36;0;0;0,0006195253031857052;0,0006391967963043686;0,000658780377585767;0,0007187507814047252;0,0008088553286752602;0,0008986414420422245;0,0009174755411795741;0,0009864536388578529;0,0010550510274231967;0,0011432595021542101;0,0012109729979153808;0,0013082524796352282;0,0014347460923811422;0,0015603120120923288;0,0016947625283325616;0,0018576670028771572;0,0019501083235852908;0,002021802035557823;0,002180664537641814;0,0023669835567609555;0,0025605498533641403;0,002761075612192449;0,0029776839438265135;0,003171946269685962;0,0032772780397622905;0,0034645897257178956;0,0037601297055272244;0,004030708016978631;0,004331311594057389;0,004532791409092354;0,004781131762257193;0,005109255065708544;0,00542354195936219;0,005749313750909831;0,0061263194609534385;0,0063952355432761385;0,006824888403899157;0,007335654309487709;0,007930754549035737;0,008437995262609035;0,009006490806193288;0,009635537469923235;0,01024228161673303;0,010828514281642559;0,01140146488990926;0,011924651378411798;0,012215611327952002;0,012526658353840975;0,012705069044129118;0,012764079475596405;0,012498837734415359;0,012018058795200468;0,011324715676444492;0,010242597871004363;0,008960954239013523;0,0076129030224009004;0,006190504547146787;0,004855092395640809;0,0036736644176970576
id44;1;female;99;active;married;40;0;0;0,0010728032667281656;0,0011631914781003135;0,0012327879979388003;0,0013325141313381696;0,0014621656669743157;0,001591070944998194;0,0017293986824542446;0,0018972652156033028;0,0019935524806492222;0,0020688497164039754;0,0022334052361580484;0,0024264213325953425;0,002627528267010626;0,0028365299042339698;0,0030633429223719724;0,0032679618300678996;0,0033814138592779043;0,0035803728513681987;0,00389234387959993;0,004180474310812166;0,004502118893447762;0,004722161891894636;0,004993660270455399;0,005352487151735118;0,005702137948724181;0,0060703579216031586;0,00650004340534244;0,0068235924919449395;0,007328477773164667;0,00793542340607779;0,008653204813825558;0,00929856409666452;0,010037031261977029;0,010879439578913202;0,011742414189265145;0,01264055971635946;0,013594606493935926;0,01457220291721545;0,015361276102958786;0,016263749819319377;0,017094178577654336;0,01787329470452069;0,018278672852466753;0,01844096694419843;0,018344729604468545;0,01762663312182726;0,01650550456155225;0,015123961986838385;0,013349794560292845;0,011411723370114544;0,00946792083756558;0,007543664800433114;0,005747211488967443;0,0041777651282223684;0,0028770745050957294;0,001870291280578108;0,0011562329798527479;0,0006692568324773631;0,0003846070138955043
id47;1;male;94;active;married;35;0;0;0,0006609971607763593;0,0007213414463063155;0,0008119650776974834;0,0009023408700658125;0,0009215410744198849;0,0009911976490679028;0,001060569317859695;0,0011497708080290632;0,001218398336780206;0,001316766548279614;0,0014446271881897485;0,0015718173025825821;0,0017083218864955784;0,0018738021435545486;0,0019684768579606715;0,0020423646583570755;0,002204287330045007;0,002394159847670578;0,002591962175742319;0,0027977142493640105;0,003020674885891382;0,0032212224438608605;0,003331844202895158;0,003526438329052958;0,0038325288669175295;0,004114673815131573;0,00442906358583175;0,004643195567161569;0,00490746692987178;0,005256687687441232;0,005596996934538728;0,005953567204146841;0,006368613258632863;0,00667748557408503;0,007162877937039453;0,007744880796026705;0,008430739730591993;0,009041783051812156;0,009737916040417745;0,010527371063584265;0,011327444851958326;0,012154341737599538;0,013018066235334382;0,013887002516728014;0,014553421506552169;0,0153100732128445;0,015971824896528077;0,016552185705181407;0,016772936763892948;0,016751531446355616;0,016469245706472176;0,015630043462792273;0,01443507084553798;0,013013729104347938;0,011281367351774114;0,00945424283808641;0,0076772202236310115;0,005979781450123524;0,004455937974459268
id48;1;female;84;active;married;25;0;0;0,00046502627605482353;0,0004546724549545986;0,0004443204795466237;0,0004541695038033351;0,0004942537364421009;0,0005040278050837923;0,0005339270974675377;0,0005537087148266844;0,0005432481511884397;0,000572961028650058;0,0006126121388294921;0,0006321099297286221;0,0006515237416280735;0,0007108999704747141;0,0008000789004746706;0,0008889835400914939;0,0009077383373021124;0,0009761173404866522;0,001044149661134539;0,0011316493187586785;0,0011988040127188459;0,0012952190819121479;0,0014207105723395598;0,001545379191617428;0,0016789229248493792;0,0018407442021657371;0,0019328495798429;0,0020043964062418434;0,00216221622265586;0,002347540648235201;0,0025404797850058377;0,0027404267078171996;0,0029566288477751953;0,0031504880621565996;0,0032563395408394796;0,0034441583170212683;0,00373983955618333;0,004011152735163864;0,004313096100678107;0,0045162152558576064;0,004767536203480039;0,005099824288452587;0,0054201259349487664;0,005752657036073951;0,006138768482075656;0,006419394921854086;0,006864100125706406;0,007394424124192516;0,008015439700055466;0,008554427788342964;0,009160448139668109;0,009840617640994077;0,010510894026525133;0,011177825094765823;0,01184487059592901;0,012481467096018977;0,012900030016698925;0,013350484654598406;0,013678310265747933
id50;1;female;95;active;married;36;0;0;0,000455346583150158;0,0004953252581513333;0,0005048910321866863;0,0005345596883632668;0,0005540435557332725;0,0005432385112304764;0,0005725696357977808;0,0006117595995293636;0,0006307032508679329;0,0006494619009658966;0,0007079584866085299;0,0007959954995073991;0,0008834926066060999;0,0009010596584401821;0,0009676965054852139;0,0010337122695507186;0,001118661654144142;0,0011831972014649111;0,0012763084602384518;0,0013974999911449426;0,0015171527750092563;0,0016447834659174844;0,001799182047324745;0,0018847479648391888;0,0019496729557997793;0,0020974468589127966;0,002270205029609234;0,0024484865576321615;0,002631558159697004;0,0028282811780614096;0,0030009484509991805;0,0030864892397816234;0,0032456987841354514;0,00350152230499232;0,0037277060211797215;0,003973853946135669;0,0041198276806658895;0,0042987463202834725;0,004536840124716315;0,004747375465993054;0,004950829261742145;0,00517602995848166;0,005285040155612304;0,005495243239211156;0,005730942575380395;0,0059826639083059565;0,00611076449616043;0,006224596307510855;0,0063171693150508666;0,006325900773821689;0,006259613867636229;0,006123121214007785;0,005897769227824512;0,005513072643279532;0,005104166231782763;0,004621097797013624;0,0040991910973496685;0,0035096954509082684;0,002915534133159681
id51;1;female;94;active;married;35;0;0;0,000619538477387834;0,0006392567149486399;0,0006588900240232218;0,0007189375746365109;0,0008091247828312655;0,0008990345994505721;0,000918001442859495;0,0009871535553187595;0,0010559550655661492;0,0011444440151321717;0,0012123579760357575;0,0013098631369347755;0,0014367734640025316;0,0015628516163437988;0,0016979052267885597;0,0018615560939572804;0,001954702836942769;0,0020270585887792016;0,002186662753576826;0,0023740825011932805;0,0025692030537370052;0,002771410624017313;0,002990057196795801;0,003186108229566612;0,003293156490245454;0,0034830987901855767;0,0037821230717687364;0,004056503782085737;0,004361860991111134;0,004567276659773285;0,00482143910180907;0,005157484114908802;0,005481407168007641;0,005817697944858436;0,006208174858709618;0,00649197412776636;0,006941707274431605;0,007478027242188168;0,008106064167867412;0,00865114618368551;0,009264018345251541;0,00995187800474552;0,010629732694524222;0,01130420424405955;0,011978791520323214;0,012622585531864886;0,01304588082448597;0,01350142840966728;0,0138329604951535;0,01406164211000505;0,013940801525400578;0,01359105419805282;0,013016674861762667;0,011987590484796218;0,01069763255252901;0,009285597439568383;0,00772381836941727;0,006193333631686384;0,0048087732469245205
id53;1;female;104;active;married;45;0;0;0,0009273170112794121;0,0009966026346432011;0,001065507316273859;0,0011541553684274008;0,001221923552794435;0,0013192615482048933;0,0014458371380310553;0,0015712310913184567;0,0017053533773398561;0,0018680509338334038;0,0019597515822006605;0,0020302213732775916;0,0021875802612961277;0,0023717562028340716;0,002562940544164587;0,00276062293726824;0,0029736805268350416;0,003163322011960225;0,0032633180567893725;0,0034439712364860557;0,0037312278806082254;0,003991672111697243;0,004279224059488493;0,004464716211665823;0,004693206370980102;0,004995886198411599;0,005279913169584122;0,005568320232428638;0,00589826049074563;0,006115128130437475;0,006474122894895364;0,006896498263990911;0,00737854469631224;0,007755400375868029;0,008156300734818281;0,008578084336454047;0,008939929203181186;0,009238876497700837;0,009482411746162428;0,009642027597937659;0,009575237290577788;0,00948846462765431;0,009265247537214326;0,008921611094724226;0,00832568080241247;0,007583502844494669;0,006734045282214777;0,005713136729895468;0,004677622774499005;0,003702933992346507;0,002805632067857344;0,002030681414207839;0,00142363367701344;0,0009768586313268508;0,0006293938931635754;0,00037956487978859483;0,00021346458130218484;0,00011115567595029911;5,44402860555176e-05
id56;1;female;101;active;married;42;0;0;0,001238756657578088;0,0013389656244803775;0,0014692448802835086;0,0015987742653975911;0,0017377717296719823;0,0019064510045113138;0,0020032044534539113;0,0020788662478941405;0,002244218478754114;0,0024381690808699713;0,0026402496935207923;0,0028502632319296816;0,003078174386737809;0,0032837839762199315;0,003397785294155065;0,003597707565015065;0,003911189030473592;0,004200714472408274;0,004523916327698846;0,004745024685125474;0,005017837548753384;0,005378401724302163;0,005729745388680691;0,006099748133369726;0,00653151398000082;0,006856629560094303;0,0073639592911347;0,00797384350870996;0,008695100123002097;0,009343583973820926;0,010085626497728675;0,01093211341417223;0,011799266197685454;0,012701760181259503;0,013660426066504793;0,014642755615289188;0,01543564917345995;0,016342492301637798;0,017176941659314625;0,017959829950566525;0,018367170775140152;0,01853025062906017;0,01843354734715174;0,017711974132501196;0,01658541752231059;0,015197186078610786;0,01341442885274057;0,011466974307670567;0,00951376067139398;0,007580188166739365;0,00577503715673028;0,004197992173054847;0,002891004133309586;0,0018793464726295916;0,001161830991134493;0,0006724971027030666;0,0003864691251138675;0,0001998332138351069;9,236973545810374e-05
id58;1;female;117;active;married;58;0;0;0,0021256253230416177;0,002288733313673919;0,002479722347884288;0,002677270578250744;0,002880892654585291;0,003099971679364918;0,0032937244110514477;0,0033937685426182747;0,0035767513614347753;0,0038680517875844347;0,004128880182866387;0,00441557842331293;0,004594742663392135;0,004814507957505129;0,005106088689276822;0,005373715220630607;0,005639586775655118;0,005939649818686364;0,006119193485985993;0,006430945630251746;0,006789545384705602;0,007186885962883324;0,00746186767362166;0,00773935987019411;0,00800748758443221;0,008195929004020757;0,008308131531318333;0,008342591060182512;0,008280765942350806;0,008010864854636377;0,007703199887454588;0,0072682406000243215;0,006738370542539193;0,006033837079122406;0,005258611518994569;0,004464880547409046;0,003610602000481061;0,0028161784041841366;0,0021111952698946762;0,0015161068801795882;0,0010709628206529741;0,0007189872656081046;0,00045442079304446596;0,00026948642717005854;0,0001494862969762364;7,723401069877458e-05;3,7092216353781594e-05;1,6564345198725774e-05;6,8939127343278526e-06;2,6208687163692464e-06;8,57641545405949e-07;2,0337209813058385e-07;0,0;0,0;0,0;0,0;0,0;0,0;0,0
id59;1;female;101;active;married;42;0;0;0,0005367841329298535;0,0005561398177659277;0,0005450654103619651;0,0005742295283544528;0,0006132670360143188;0,0006320210129454624;0,0006505738644998312;0,0007088279687364029;0,0007964773443919936;0,0008834271081879275;0,000900338113549365;0,0009662025559754968;0,0010314400585935217;0,0011154870066240085;0,0011789228262411927;0,0012704402943534007;0,0013894729443088146;0,001506808592382187;0,0016317777252671428;0,0017828479065149297;0,0018650665842085167;0,0019263329814761644;0,002068817329965064;0,0022353086873845083;0,0024059950050965813;0,0025797762972414933;0,0027642300588291502;0,0029229470706885934;0,0029946301776534977;0,0031352737441180086;0,0033650271129623504;0,0035611432270026815;0,0037703736748306493;0,0038778223789084883;0,004010098754353308;0,00418825538361908;0,004329542467877693;0,0044487607078644974;0,004572299025019033;0,004577297444177752;0,0046522247274489986;0,0047294178773275965;0,004799994742588907;0,004752841841620414;0,004678378741955636;0,0045711554567809684;0,004387323317534241;0,004137339384104963;0,0038338212762868418;0,003479845618037626;0,0030512773641579575;0,002643742925201134;0,0022303052635507833;0,0018434285590431946;0,0014565895981262468;0,0011210897402892522;0,0008573383629844461;0,0006151299220199281;0,00041782467634626026
id62;1;female;85;active;married;26;0;0;0,00046501199896519413;0,0004546491310688907;0,00044430206210391396;0,0004541366917038225;0,0004941977547377943;0,0005039602632418579;0,0005338444548897278;0,000553588912899273;0,0005430804691351906;0,0005727311648881807;0,00061235334591938;0,0006317971112805387;0,0006511539825190228;0,0007104301367710591;0,0007994915854640172;0,0008882382866151025;0,0009068543521169117;0,0009750339223317968;0,001042837190726677;0,0011300245168330172;0,0011969541248410072;0,0012931074470929563;0,001418136701917714;0,0015422490031799935;0,001675143048115581;0,0018361616530695088;0,0019275328234571432;0,001998396570558366;0,0021554199950932895;0,002339582085292572;0,0025309075546037954;0,0027291119196718836;0,0029432126770551127;0,003135226118014531;0,0032393385110131363;0,003424481776405048;0,003716600426859814;0,003984046378620753;0,004281170007426491;0,004480317384034763;0,004725782816044253;0,005050107588106592;0,00536075612807386;0,005682756610595801;0,006055397900287747;0,006321200865776109;0,006745879834388747;0,0072507328398436965;0,007838943879765378;0,008340312502719003;0,008902226836910004;0,009523991318996044;0,010123711470062424;0,01070315759114681;0,011269475415801488;0,011786605216839344;0,012074196857912433;0,012381643036562364;0,012557988348987772
id63;1;female;98;active;married;39;0;0;0,0016143703699435183;0,0017561455952769776;0,0019281367389783145;0,002027691299360956;0,002106208534732989;0,0022760016529708212;0,002475311083025803;0,0026837160307957545;0,0029011477585666723;0,0031373126219611195;0,0033514552711954347;0,0034730847587091996;0,0036834911125610023;0,00401163547155775;0,004316610371294127;0,004658438701276995;0,004897536830654017;0,005191865924199078;0,005579664392757846;0,005961309359937455;0,0063661244189331286;0,006841069025359967;0,0072108611647389975;0,007781513128075177;0,008471981463575657;0,00929616415688881;0,010064016504311492;0,01095684445321922;0,011993739587438145;0,01309157671452596;0,014279075126178724;0,015587623604368432;0,016999938198469414;0,018285393756632545;0,019825339947973964;0,021419287415296532;0,02312222675162059;0,024551843324183285;0,025848688890261838;0,02697606636628162;0,027353448751776612;0,027191758355158573;0,02661890910434048;0,025287960670840583;0,02347295419078867;0,021353370899357228;0,018836804115027223;0,01605350653480763;0,01316330388668137;0,010323668791607224;0,007678341719902364;0,005496136051513478;0,0036849001302750946;0,002403797925532563;0,00143751982830031;0,0007805331905712025;0,00045018827588833493;0,0002390853728381018;0,00011815633528252364
id64;1;male;97;active;married;38;0;0;0,0014786427544681258;0,0016102492398322584;0,001751662544406374;0,0019232146327989824;0,0020225150524316787;0,002100831850686574;0,002270191524688014;0,0024689921618978403;0,0026768650979797797;0,0028937417706919938;0,0031293037574802564;0,0033428997479451254;0,003464218742307663;0,003674087975324865;0,004001394654428647;0,004305591020771521;0,004646546738713309;0,004885034503505558;0,005178612240043199;0,005565420744975508;0,00594609145705521;0,00634987311283674;0,006823605290842462;0,007192453432766589;0,007761648647990351;0,008450354370709231;0,009272433108091433;0,010038325298483931;0,010928874055322155;0,011963122225845882;0,013058156817824074;0,014242623808959931;0,015547831852614966;0,01695654112026256;0,018238715195002763;0,019774730244682383;0,02136460871704218;0,023063200826294164;0,024489167904283345;0,025782702910770658;0,026907202441710628;0,027283621453532955;0,027122343816697064;0,026550956923179818;0,025223406106340857;0,023413032935965788;0,021298860471373263;0,01878871792484208;0,01601252548708546;0,013129700886390316;0,010297314750980682;0,007658740613579069;0,00548210563309204;0,0036754933961287064;0,002397661561661709;0,0014338501584647877;0,0007785406621561686;0,00044903904489770115;0,00023847504081794737
id65;1;female;94;active;married;35;0;0;0,0005478257416753821;0,0005777232309399097;0,0006176460053996132;0,0006372115064049358;0,0006566729085991352;0,0007163990058254542;0,0008061246195090338;0,0008954861463064111;0,000914129570082229;0,0009827114204885527;0,0010508604062867246;0,0011385961271760893;0,0012059280667840201;0,001302565634356814;0,0014282033698012943;0,0015528451748300458;0,0016862497173849255;0,001847851882948119;0,0019393328822538032;0,002010328271361969;0,002167751983157921;0,0023520759671085602;0,0025435012508453624;0,002741565967106482;0,002955732956764831;0,0031473717207500264;0,0032502787298490867;0,003434316209012385;0,003725234164428202;0,003990710681176179;0,004285970126706034;0,004481682209838291;0,0047224970449823;0,005040455935423762;0,005344033134905531;0,005656828413578273;0,00601728665352804;0,006269127469004652;0,006675267374652399;0,007155905982827144;0,007712611094129395;0,008179312062690527;0,008694563991639882;0,009257028719246704;0,00978243313074437;0,01027632470874103;0,010739382736821347;0,01113291228859099;0,011300353206271381;0,011471452808730317;0,011498780559286055;0,0114101849097112;0,01101975926338503;0,010425163427846378;0,00964776749065319;0,008554566420806849;0,007325141232550449;0,006083669170547195;0,004838607201487265
id66;1;male;98;active;married;39;0;0;0,00046471894024577873;0,0004540523607102121;0,00044336527230630325;0,00045277055644181587;0,0004922199860862742;0,0005013796817029498;0,0005304303900613033;0,0005493186434395052;0,0005381788062309227;0,0005667610216029289;0,0006049983564151473;0,0006231116231642309;0,0006409673896779559;0,0006978538113184962;0,0007835630650028545;0,0008685334815279753;0,000884591821822036;0,0009485668541218959;0,0010116123582193937;0,0010927839730037346;0,0011536808106169787;0,0012418754698302259;0,001356628077682771;0,0014691653134390331;0,0015885544792282253;0,001732674543516127;0,001809415414107756;0,0018650903623968565;0,0019983094452857993;0,0021525865783863884;0,002309025118328793;0,0024662210362761407;0,0026309522024591013;0,0027677326814013947;0,0028187885767980004;0,002931024705078836;0,003120821644362527;0,003273212583060977;0,0034295378063270987;0,0034845592674946145;0,003550485024625755;0,0036453775901994167;0,0036946590541680896;0,0037109434063339703;0,0037178150165940254;0,00361848528485883;0,0035652502704158514;0,0035023810597215347;0,0034222817065765543;0,0032478962495945626;0,0030467758255090156;0,0028200481113356637;0,002550605914253466;0,0022562158182731747;0,001956580838177047;0,001654819564907482;0,0013520145145379271;0,0010810816956192692;0,0008450026625648617
id67;1;female;116;retired;married;57;0;0;0,004253067825820247;0,004569308396292006;0,004922732651379762;0,005165888890084796;0,005465652714404629;0,005861602842631564;0,006248565437086848;0,00665573609967998;0,0071326750602202175;0,007495206577958035;0,008059591748315624;0,00873766667237074;0,009541826025689667;0,010271321766323246;0,011108776466400405;0,012068267277296511;0,01305999868054668;0,014102330472489984;0,015216005168171606;0,016377383497855977;0,017347749225756215;0,01847489661301889;0,019542980490303778;0,020587208217542174;0,021241885838223538;0,02162810075434056;0,021733998438609566;0,02113032201329492;0,020032591213242933;0,018611209879453815;0,01669696518819784;0,014533265949099622;0,012299239107151267;0,010012260629394587;0,0078028524394063905;0,005799108131056141;0,004098039453346424;0,002725187996847994;0,0017390934291891236;0,0010288767746251984;0,0005927359424962482;0,0003192642377730252;0,0001538057695849511;7,725420352971743e-05;3,538068173608724e-05;1,4777508299772343e-05;5,633528793714718e-06;1,9714215021664565e-06;6,189412871629085e-07;1,8472455512231244e-07;4,629516628374003e-08;1,0946640303544439e-08;1,8244400505907397e-09;0,0;0,0;0,0;0,0;0,0;0,0
id68;1;male;115;retired;married;56;0;0;0,004254609372900046;0,004572841769519012;0,004928057414081789;0,005173434419981489;0,005476345237213504;0,005876030294464752;0,0062673749099135135;0,0066801050639611215;0,007162734133407281;0,0075329378895580635;0,008108269304003756;0,008801148287884133;0,009622800000866162;0,010373503118571822;0,011238834344522485;0,012233492716756236;0,013268631263981727;0,014365515739803618;0,015547831554708817;0,016788933984382838;0,01785694005798482;0,019109197706513963;0,020332778373277852;0,021556816039664077;0,02240941440458524;0,023020321848758966;0,023346346287633664;0,02292867872102068;0,02199472193389854;0,020688429671890562;0,01881876712319113;0,01664833387797546;0,014346132143401186;0,011912430215147176;0,009485227559534154;0,007211108309825172;0,005210002337585432;0,0035552168103035403;0,0023208909186314;0,0014173774593923482;0,0008345962130912627;0,0004506495415904804;0,00022615043570291789;0,00011838788103836011;5,6520123722789115e-05;2,4619846981711745e-05;9,796028177201994e-06;3,561190845614648e-06;1,1803647387537024e-06;3,617393283637261e-07;9,878004258519828e-08;2,5433022458717718e-08;5,449933384010939e-09;9,0832223066849e-10;0,0;0,0;0,0;0,0;0,0
id69;1;male;119;retired;married;60;0;0;0,0042484039627960785;0,004558908597956663;0,004904768749921039;0,00513908595409933;0,005428057509152672;0,0058111226442137875;0,006182278244280133;0,00656956171827725;0,007019000432981384;0,007350506240030054;0,007873406978293187;0,008498337089373186;0,00923282049895328;0,00987973618834042;0,01061231051623415;0,011437339405969513;0,012266696257509951;0,013108161863641544;0,013972055359572045;0,014817565088781083;0,01542951258778454;0,016110688028316816;0,016658496077955345;0,01710607282449771;0,017159730151326803;0,016937426664384234;0,016447316360394825;0,015395039841835618;0,013988966220922562;0,012385668093623823;0,01052610688884927;0,008633892770359053;0,006853894964205532;0,005221530107440601;0,003791785586836108;0,0026257935734930013;0,0017124390956407335;0,001055091059677394;0,0006365896086965968;0,0003528558736859323;0,00018677780581180411;8,889268678174163e-05;3,779453882249345e-05;1,6729931525411846e-05;6,775781435104357e-06;2,472360335718708e-06;8,36930668941205e-07;2,479537334539504e-07;6,389844111418329e-08;1,2501868913644557e-08;0,0;0,0;0,0;0,0;0,0;0,0;0,0;0,0;0,0
id70;1;male;122;retired;married;63;0;0;0,004241840556523504;0,004544132709403243;0,0048803380150198965;0,0051031909727102835;0,005377401422104456;0,005739454076313599;0,006085130621722189;0,006441303587071005;0,0068517492969681956;0,007138514782767024;0,007600977180392884;0,008148269578990218;0,008782177197924635;0,009313599119025608;0,009900304929338024;0,010540770894124637;0,01113903710851421;0,011701420366478662;0,012228694152994147;0,012676797423609137;0,01286745863954567;0,01306228591774625;0,013093403414126153;0,012992521535857475;0,012547952612725774;0,011870899676292457;0,010985696365759409;0,009740892836684915;0,008340973960562933;0,006927337579612215;0,005509613452046109;0,004210995159844755;0,00311475960087413;0,0021899010908551808;0,0014734145740683668;0,0009646836686159458;0,0005894362429440234;0,00033368882567593627;0,00017789470369129493;8,70244903686298e-05;4,059616672281792e-05;1,7086257175344614e-05;6,34639823071627e-06;2,4945421234695417e-06;8,553389824775945e-07;2,561770918286452e-07;5,6849612459211314e-08;0,0;0,0;0,0;0,0;0,0;0,0;0,0;0,0;0,0;0,0;0,0;0,0
id71;1;male;115;retired;married;56;0;0;0,004254609372900046;0,004572841769519012;0,004928057414081789;0,005173434419981489;0,005476345237213504;0,005876030294464752;0,0062673749099135135;0,0066801050639611215;0,007162734133407281;0,0075329378895580635;0,008108269304003756;0,008801148287884133;0,009622800000866162;0,010373503118571822;0,011238834344522485;0,012233492716756236;0,013268631263981727;0,014365515739803618;0,015547831554708817;0,016788933984382838;0,01785694005798482;0,019109197706513963;0,020332778373277852;0,021556816039664077;0,02240941440458524;0,023020321848758966;0,023346346287633664;0,02292867872102068;0,02199472193389854;0,020688429671890562;0,01881876712319113;0,01664833387797546;0,014346132143401186;0,011912430215147176;0,009485227559534154;0,007211108309825172;0,005210002337585432;0,0035552168103035403;0,0023208909186314;0,0014173774593923482;0,0008345962130912627;0,0004506495415904804;0,00022615043570291789;0,00011838788103836011;5,6520123722789115e-05;2,4619846981711745e-05;9,796028177201994e-06;3,561190845614648e-06;1,1803647387537024e-06;3,617393283637261e-07;9,878004258519828e-08;2,5433022458717718e-08;5,449933384010939e-09;9,0832223066849e-10;0,0;0,0;0,0;0,0;0,0
id72;1;male;133;retired;married;74;0;0;0,0041766622580589685;0,004394849865554519;0,004623711507823404;0,004720625210841118;0,004838211421844302;0,0049994347761076734;0,0051050856609358266;0,0051733107594638065;0,0052306817545197965;0,005142697189516935;0,005126991497666676;0,0050992645653936235;0,005051968231656101;0,004873050729996632;0,0046546637366053885;0,004394565781178586;0,004060962243033177;0,003674622081055321;0,0032579979572509724;0,0028275578497913728;0,002363221329540167;0,0019506165336101707;0,0015583480183657197;0,0012207960721259518;0,0009414288747606728;0,0006938746696786296;0,0004887608872263871;0,0003227742903677658;0,00020166343384140395;0,00011976999988588009;6,7042291682913e-05;3,5052202577626314e-05;1,7669156616464812e-05;8,020554319158882e-06;3,270414997588785e-06;1,0117888612945063e-06;0,0;0,0;0,0;0,0;0,0;0,0;0,0;0,0;0,0;0,0;0,0;0,0;0,0;0,0;0,0;0,0;0,0;0,0;0,0;0,0;0,0;0,0;0,0
id73;1;female;126;retired;married;67;0;0;0,004229067055925162;0,004514239239316631;0,004827695767369312;0,005023581868933637;0,0052638584258174245;0,00558265314072694;0,005875257947796139;0,006165943982060413;0,006494012684257539;0,006690313625965206;0,007031162403419571;0,007423231199574627;0,00785765660063759;0,008158303064989006;0,008461694325304503;0,008754847091951663;0,008960876236161073;0,009083550915261493;0,009121226640997626;0,009053631225163226;0,008758539571510815;0,008422159437938885;0,007946604276282491;0,007367280077153572;0,0065969906850889765;0,005749411320259647;0,004881599386103497;0,003947588814943867;0,0030790196116222647;0,0023082385797405028;0,0016576090529111139;0,0011709185480612743;0,000786092204962904;0,0004968330598778955;0,0002946382917679571;0,00016343823934406073;8,444246048916929e-05;4,0554128751980206e-05;1,811033833821808e-05;7,537339423621275e-06;2,865481165965416e-06;9,376874469754945e-07;2,2235334156049168e-07;0,0;0,0;0,0;0,0;0,0;0,0;0,0;0,0;0,0;0,0;0,0;0,0;0,0;0,0;0,0;0,0
id74;1;female;131;retired;married;72;0;0;0,013831472699839668;0,014992348593686939;0,016181565748858633;0,017419249981799955;0,01873396860865214;0,020081139688140064;0,02116851741387554;0,022412166082924886;0,02355653361554222;0,02463019007405904;0,02518881907899881;0,025412467510546072;0,025279848202860767;0,024290279511057427;0,022745314802897314;0,020841488072954748;0,018396606943793466;0,015725859184060297;0,013047213381224127;0,010395503512995927;0,007919911449414003;0,00575714499727162;0,003964735830144055;0,0025773440485397873;0,0015933401498978176;0,0009222654952425126;0,0005300054641669704;0,0002740521515747154;0,00012667626295380832;6,10369686000494e-05;2,6803394795267676e-05;1,0726040895131759e-05;3,936157818314556e-06;1,304729432156777e-06;3,989202650662128e-07;1,0926946390944093e-07;2,5149321058522117e-08;4,625162493521308e-09;0,0;0,0;0,0;0,0;0,0;0,0;0,0;0,0;0,0;0,0;0,0;0,0;0,0;0,0;0,0;0,0;0,0;0,0;0,0;0,0;0,0
id75;1;female;129;retired;married;70;0;0;0,015573188062529575;0,01692402629088867;0,018364378397140092;0,019928388442475617;0,021585609670938463;0,023033379432692853;0,02475018089070483;0,026462397098451666;0,02822036082592284;0,029524984943769664;0,03055771295313101;0,03126683692147249;0,030990625274957835;0,03003055839633793;0,028581228542762866;0,026321831644700516;0,02361002362423133;0,020678279500639305;0,0174835238399812;0,01419998861290873;0,011029819299459346;0,008151748053083085;0,005687218213660474;0,0038097490628652086;0,0023800679448367484;0,0014466737001624218;0,000798410240971325;0,0004016595587345083;0,00021903023417833183;0,00010898337429478867;4,948735869276651e-05;2,0535542550431125e-05;7,79178165308235e-06;2,682897031020796e-06;8,680295696335579e-07;2,4339537752261846e-07;6,82815787322366e-08;1,593236837085521e-08;3,4140789366118307e-09;5,690131561019717e-10;0,0;0,0;0,0;0,0;0,0;0,0;0,0;0,0;0,0;0,0;0,0;0,0;0,0;0,0;0,0;0,0;0,0;0,0;0,0
id76;1;female;142;retired;married;83;0;0;0,016426797676333038;0,016651681056092226;0,016720747016570402;0,016596833217239208;0,016055880439545298;0,015439238913549706;0,01456746608480097;0,013505467106431938;0,012093396717086676;0,010539640770262995;0,008948795110999936;0,007236596183613735;0,005644362322232985;0,004231390674172237;0,0030386770022274253;0,002146491211076968;0,0014410396110325254;0,0009107788053798702;0,0005401216888858744;0,0002996098617506586;0,000154797273970786;7,434255874000727e-05;3,319930505582965e-05;1,3817214574399557e-05;5,2529103313251815e-06;1,718939260978188e-06;4,076111820104284e-07;0,0;0,0;0,0;0,0;0,0;0,0;0,0;0,0;0,0;0,0;0,0;0,0;0,0;0,0;0,0;0,0;0,0;0,0;0,0;0,0;0,0;0,0;0,0;0,0;0,0;0,0;0,0;0,0;0,0;0,0;0,0;0,0
id77;1;female;142;retired;married;83;0;0;0,01847378401502925;0,018769896915473008;0,018862663396430692;0,018501741815806435;0,01808249310552759;0,017372625683825853;0,01642868101204835;0,015030295699919441;0,013399589230677529;0,01163191479042183;0,009652255882525582;0,007701433390644526;0,005959778883585056;0,00437446101323198;0,003097723416098198;0,0021663348431301068;0,001426996500519643;0,000882172241976763;0,0005103464592917033;0,00027520586182529683;0,00013730239991072293;6,473223928982908e-05;2,7664094854758754e-05;1,145930852913427e-05;4,083217579529519e-06;1,244894506083437e-06;3,20778737861412e-07;0,0;0,0;0,0;0,0;0,0;0,0;0,0;0,0;0,0;0,0;0,0;0,0;0,0;0,0;0,0;0,0;0,0;0,0;0,0;0,0;0,0;0,0;0,0;0,0;0,0;0,0;0,0;0,0;0,0;0,0;0,0;0,0
id78;1;female;138;retired;married;79;0;0;0,02154817394973076;0,022706269515962024;0,02346771866398553;0,024287185184561702;0,024883565131224413;0,02529493143704635;0,025077556092227428;0,0244484094679326;0,02341518121360388;0,021564002058661467;0,019243547790368232;0,016703493713495676;0,013894071158844109;0,011140942740165085;0,008650311864409614;0,006422206512253925;0,004558983914647924;0,0030584017001984106;0,0019514439909236957;0,001199381613624557;0,0006946896795267946;0,00036946076625686254;0,0001876050245355462;8,561266160370136e-05;3,487511485507981e-05;1,4860537146608539e-05;5,700969513269948e-06;2,025800959168628e-06;6,29378677369701e-07;1,712417385374587e-07;3,432296284410936e-08;0,0;0,0;0,0;0,0;0,0;0,0;0,0;0,0;0,0;0,0;0,0;0,0;0,0;0,0;0,0;0,0;0,0;0,0;0,0;0,0;0,0;0,0;0,0;0,0;0,0;0,0;0,0;0,0
id79;1;female;136;retired;married;77;0;0;0,024690200773402657;0,02602715548722256;0,027556248746234066;0,02896327367498214;0,030283357790431863;0,030970204379022405;0,031245185020724712;0,03108212667921466;0,029865430313413873;0,02796586238924752;0,025625065754691253;0,022619030893943445;0,019335288067241614;0,016041834423675884;0,012781499101272112;0,009737704474467186;0,007078535783911604;0,0048747294814932216;0,0031689009194116975;0,001959046588602476;0,0011339456125275488;0,0006516533187113641;0,00033695311868971954;0,00015575123793402397;7,504628884311465e-05;3,295536056127247e-05;1,3187902047259707e-05;4,83959219044635e-06;1,6041933941599977e-06;4,904811972838809e-07;1,3434919751688913e-07;3,092164069833163e-08;5,686738519233403e-09;0,0;0,0;0,0;0,0;0,0;0,0;0,0;0,0;0,0;0,0;0,0;0,0;0,0;0,0;0,0;0,0;0,0;0,0;0,0;0,0;0,0;0,0;0,0;0,0;0,0;0,0
id80;1;female;145;retired;married;86;0;0;0,02569133219013428;0,025109167657016804;0,024123452910618553;0,02281270085423515;0,02087091710536585;0,01860653453949829;0,016151959629701382;0,013403025224916305;0,01069413277674238;0,008275688883904009;0,00607433246894196;0,00430146751092081;0,003008150726780215;0,0019815129566713888;0,0012249754830206338;0,0007086619491425706;0,00038214808568918086;0,00019065672852463245;8,988653498480212e-05;3,841408326462551e-05;1,591228031512748e-05;5,669914772600912e-06;1,7286479627631042e-06;4,454301219839139e-07;0,0;0,0;0,0;0,0;0,0;0,0;0,0;0,0;0,0;0,0;0,0;0,0;0,0;0,0;0,0;0,0;0,0;0,0;0,0;0,0;0,0;0,0;0,0;0,0;0,0;0,0;0,0;0,0;0,0;0,0;0,0;0,0;0,0;0,0;0,0
id81;1;female;145;retired;married;86;0;0;0,029260642781061504;0,028572283198947855;0,0275125729523657;0,02567483585895582;0,0233860984331644;0,02076653085685697;0,017618240629322983;0,014424910081896941;0,011419152944525108;0,00865204234132869;0,006262240077293268;0,004390218871952252;0,003012448544682819;0,0019409325532779894;0,0011705067991043636;0,000658284675656342;0,000342783227287342;0,00016788361717939057;7,574520865526223e-05;3,221821228890062e-05;1,2508580012629767e-05;4,152614394208447e-06;1,3757486597354114e-06;3,3694458900375566e-07;0,0;0,0;0,0;0,0;0,0;0,0;0,0;0,0;0,0;0,0;0,0;0,0;0,0;0,0;0,0;0,0;0,0;0,0;0,0;0,0;0,0;0,0;0,0;0,0;0,0;0,0;0,0;0,0;0,0;0,0;0,0;0,0;0,0;0,0;0,0
id82;1;female;142;retired;married;83;0;0;0,0345983528550069;0,035170320598633335;0,03486807978859014;0,033993308155582665;0,03255669746356529;0,029982799822179378;0,026756417463585022;0,02322470137873191;0,019318452722156595;0,015490475984005127;0,01202747840240728;0,008929498881969538;0,006338855919860235;0,004252431700915636;0,0027133068520812363;0,0016676319513363928;0,0009659033394230132;0,0005137018706775309;0,0002608478649270491;0,00011903668382728286;4,8490701523346045e-05;2,066223650437186e-05;7,926683889369397e-06;2,816693509539678e-06;8,750942818772444e-07;2,3809619169037062e-07;4,772298395536839e-08;0,0;0,0;0,0;0,0;0,0;0,0;0,0;0,0;0,0;0,0;0,0;0,0;0,0;0,0;0,0;0,0;0,0;0,0;0,0;0,0;0,0;0,0;0,0;0,0;0,0;0,0;0,0;0,0;0,0;0,0;0,0;0,0
id83;1;female;152;retired;married;93;0;0;0,03363926536266325;0,028067900631813705;0,022792734734072777;0,01785972703536704;0,013381323419103773;0,009867855202285565;0,006930879766086044;0,004573195824280043;0,002854408504033204;0,0016912335876511436;0,0009420115173952145;0,0004940331162276903;0,00023940758889822307;0,00010983570087399188;4,46580669549418e-05;1,636971262507911e-05;4,4662401006470805e-06;0,0;0,0;0,0;0,0;0,0;0,0;0,0;0,0;0,0;0,0;0,0;0,0;0,0;0,0;0,0;0,0;0,0;0,0;0,0;0,0;0,0;0,0;0,0;0,0;0,0;0,0;0,0;0,0;0,0;0,0;0,0;0,0;0,0;0,0;0,0;0,0;0,0;0,0;0,0;0,0;0,0;0,0
id84;1;male;127;retired;married;68;0;0;0,015614668562637992;0,017023310077945192;0,01854056615768725;0,020204443304932155;0,021991953843052345;0,023601703234220044;0,025521860402905064;0,02748893151471969;0,029578290751537638;0,03127823363124881;0,0327717854570937;0,034001236697404104;0,034256812637593614;0,033800402762049896;0,03279587833718304;0,03087141504033652;0,028367225320575985;0,025503930559406713;0,022221650944342364;0,018678341154466465;0,015068824401129893;0,011606452576183271;0,008462939447586658;0,0059290503005271595;0,003886036993351117;0,002479466207243623;0,0014449946562114428;0,0007669756582796027;0,0004285426423254324;0,0002226690624921128;0,0001097716957980183;4,948965034321667e-05;2,04147463069815e-05;7,651451303347796e-06;2,68414488996733e-06;8,254314799739178e-07;2,5103113806439747e-07;6,553467763628075e-08;1,666135872108833e-08;3,887650368253943e-09;0,0;0,0;0,0;0,0;0,0;0,0;0,0;0,0;0,0;0,0;0,0;0,0;0,0;0,0;0,0;0,0;0,0;0,0;0,0
id85;1;male;131;retired;married;72;0;0;0,017407109119243952;0,0188461111822274;0,020397190565926145;0,022025392073050657;0,023426508578086924;0,025069344609903312;0,026674559327141953;0,028280373581901476;0,029398896847625124;0,030200345944440196;0,030628057203433246;0,030080119382044163;0,028854862052735054;0,02714113804503561;0,024688328907915287;0,021840938880726732;0,018820681854138644;0,01562790980508561;0,01244366414777614;0,009460248515651755;0,006834998832777163;0,004664086726678169;0,0030447753555520574;0,0018594566091962915;0,0010949062539121136;0,0005912068538898211;0,0002966866162247944;0,00015531298764966906;7,41487152293144e-05;3,229876197351953e-05;1,2851403285177494e-05;4,671924059894668e-06;1,5485197681066463e-06;4,745656003451112e-07;1,2958947655374976e-07;3,336556637705741e-08;7,149764223655157e-09;1,191627370609193e-09;0,0;0,0;0,0;0,0;0,0;0,0;0,0;0,0;0,0;0,0;0,0;0,0;0,0;0,0;0,0;0,0;0,0;0,0;0,0;0,0;0,0
id86;1;male;140;retired;married;81;0;0;0,01881038635610435;0,01948424795941997;0,020013674431944996;0,020110202294099096;0,020175969401804054;0,019975432906283962;0,01954953315600419;0,018576414188050942;0,017259317748908636;0,015658708517793822;0,013589421738570893;0,0113755531861572;0,009240620630749518;0,0071622269567120644;0,0053511792522213395;0,003834413516520338;0,0026375817238900026;0,0017702429500255914;0,00111264519417596;0,0006523013537611775;0,00035424304184542867;0,00018108207100903603;8,48728045354706e-05;3,811235982083344e-05;1,5194161464252313e-05;5,49607680877262e-06;1,982685603164684e-06;6,243350409965389e-07;1,4543712023214097e-07;0,0;0,0;0,0;0,0;0,0;0,0;0,0;0,0;0,0;0,0;0,0;0,0;0,0;0,0;0,0;0,0;0,0;0,0;0,0;0,0;0,0;0,0;0,0;0,0;0,0;0,0;0,0;0,0;0,0;0,0
id87;1;male;126;retired;married;67;0;0;0,022284417173170437;0,024410680645976676;0,02639200868584579;0,028785425686527342;0,03131355131504248;0,034073801865502004;0,03650653822832892;0,038838159289254;0,04102891173728826;0,04222316578699977;0,04269718542636414;0,042631362116456274;0,041432376254904084;0,03945353471870382;0,03691646324637782;0,03359303208805719;0,029626852929654796;0,02523255524487862;0,02064698285927595;0,01611363908873807;0,012175821358994586;0,008662700892498185;0,006024344280671433;0,0038496321308904833;0,0022432208082322756;0,001388563781789451;0,0007990703841122564;0,0004262207253642893;0,00021171496768693931;9,715029739303269e-05;4,131100169154191e-05;1,7105010306052998e-05;6,2207552997975115e-06;2,2300793520712157e-06;6,950143246049211e-07;2,0769209366324022e-07;5,9464915085145584e-08;0,0;0,0;0,0;0,0;0,0;0,0;0,0;0,0;0,0;0,0;0,0;0,0;0,0;0,0;0,0;0,0;0,0;0,0;0,0;0,0;0,0;0,0
id88;1;male;139;retired;married;80;0;0;0,024271765535655295;0,025085713206590796;0,025961678289175675;0,026599175973477714;0,027038904151510654;0,02680654174609799;0,026134018267871047;0,02502955353330725;0,023050743831358238;0,020570304589824916;0,01785512511226273;0,014852005401684616;0,011909061056698691;0,009246712289557346;0,006864989010079647;0,004873305523805684;0,0032692648578350253;0,00208598735121887;0,0012820736269868848;0,0007425854348139712;0,00039493343840150307;0,00020053955431281306;9,151527281342579e-05;3,7279598491354484e-05;1,5885104909145032e-05;6,094025936525333e-06;2,1654709008135952e-06;6,727715303264337e-07;1,8304809272070728e-07;3,66893780616668e-08;0,0;0,0;0,0;0,0;0,0;0,0;0,0;0,0;0,0;0,0;0,0;0,0;0,0;0,0;0,0;0,0;0,0;0,0;0,0;0,0;0,0;0,0;0,0;0,0;0,0;0,0;0,0;0,0;0,0
id89;1;male;150;retired;married;91;0;0;0,023493362767097313;0,020811514748979014;0,0180159272031641;0,015232837602343015;0,012424589474969988;0,009774132242261493;0,007493135785594114;0,005600339308471283;0,003964623027111764;0,002671819834705918;0,0016911682786362964;0,0010121291238358672;0,0005745634829471103;0,0003080664372602288;0,00015303586436317277;7,222220553715355e-05;3,0409823365737308e-05;1,1354989217697204e-05;3,2373033118389444e-06;0,0;0,0;0,0;0,0;0,0;0,0;0,0;0,0;0,0;0,0;0,0;0,0;0,0;0,0;0,0;0,0;0,0;0,0;0,0;0,0;0,0;0,0;0,0;0,0;0,0;0,0;0,0;0,0;0,0;0,0;0,0;0,0;0,0;0,0;0,0;0,0;0,0;0,0;0,0;0,0
id90;1;male;126;retired;married;67;0;0;0,032331187910852356;0,035325840734534916;0,03863815301361849;0,04164379515280155;0,044608085060366315;0,047501636432259735;0,049324759531550695;0,050401910908202584;0,05094108855324261;0,05024654211808855;0,04867158727435349;0,04645010270305641;0,043241711509984675;0,03912292568543906;0,0342722416981163;0,02892852004788205;0,023363444962307356;0,018336744285782355;0,013611421703140097;0,009932615289674615;0,006700198342495605;0,004143117573315837;0,0027340427185344714;0,0016811948739318219;0,0009623717126134519;0,0005130395558490354;0,0002550960875920723;0,00011707681864445128;5,12726036727158e-05;1,990250737590221e-05;7,765241610660608e-06;2,7389030487213775e-06;9,273895625134885e-07;3,012918761242266e-07;0,0;0,0;0,0;0,0;0,0;0,0;0,0;0,0;0,0;0,0;0,0;0,0;0,0;0,0;0,0;0,0;0,0;0,0;0,0;0,0;0,0;0,0;0,0;0,0;0,0
id91;1;male;129;retired;married;70;0;0;0,03679896530682584;0,04012124329080079;0,04308259811411331;0,04595547024014927;0,04869758436385278;0,050277958637757775;0,05105183935555853;0,05121980104216015;0,05007189311416857;0,04798674788658872;0,0452382468052614;0,041532727543190956;0,03696690183075362;0,03180404705978284;0,026332141812508477;0,020806297018846526;0,01594043376437084;0,01152680951715668;0,008162338593944817;0,0053202947693839955;0,0031674854343514;0,0020056487921342857;0,0011800354621923888;0,0006458808800228483;0,00032819474181040035;0,00015545852172431536;6,756614077595395e-05;2,804530974905925e-05;1,0624687399909182e-05;3,969663424141892e-06;1,2896709096012032e-06;4,0193177671754457e-07;1,201098297703514e-07;0,0;0,0;0,0;0,0;0,0;0,0;0,0;0,0;0,0;0,0;0,0;0,0;0,0;0,0;0,0;0,0;0,0;0,0;0,0;0,0;0,0;0,0;0,0;0,0;0,0;0,0
